Geo Shape;NOM_ARRET;ID_PROJET;NOM_PROJET;ID_TRONCON;TRONCON;NATURE;ID_MODE;MODE;SOUS_MODE;COR_EXIST;TERMINUS;PHASE;VARIANTE;CREATION;PROLONG;AMELIOR;STATUT;MES;MES_date;DUP;DUP_DATE;OPENDATA;geo_point_2d
"{""type"": ""Point"", ""coordinates"": [2.307736084785955, 48.7006066740478]}";Chilly-Mazarin;318;Tram 12;318;Tram-Train Massy-Évry;arrêt;3;3;5;1;0;;;1;0;0;8;0;;1;;1;48.700606674, 2.30773608479
"{""type"": ""Point"", ""coordinates"": [2.427594780443727, 48.62468182599698]}";Évry-Courcouronnes;318;Tram 12;318;Tram-Train Massy-Évry;arrêt;3;3;5;1;1;;;1;0;0;8;0;;1;;1;48.624681826, 2.42759478044
"{""type"": ""Point"", ""coordinates"": [2.07748617065351, 48.80737920155234]}";Saint-Cyr ZAC;319;Tram 13;319;Tangentielle Ouest (Phase 1);arrêt;3;3;5;0;0;1;;0;1;0;8;0;;1;;1;48.8073792016, 2.07748617065
"{""type"": ""Point"", ""coordinates"": [2.365961635294149, 48.90657577322287]}";Front Populaire;111;metro 12;111;ligne 12 à Mairie d'Aubervilliers;arrêt;1;1;1;0;1;;;0;1;0;9;1;2012-12-18T00:00:00+00:00;1;;1;48.9065757732, 2.36596163529
"{""type"": ""Point"", ""coordinates"": [2.377741481106109, 48.908082437820255]}";Aimé Césaire;111;metro 12;111;ligne 12 à Mairie d'Aubervilliers;arrêt;1;1;1;0;0;;;0;1;0;9;0;;1;;1;48.9080824378, 2.37774148111
"{""type"": ""Point"", ""coordinates"": [2.318031246857529, 48.80268907735131]}";Bagneux;102;metro 04;102;ligne 4 à Bagneux;arrêt;1;1;1;1;1;2;;0;1;0;9;0;;1;;1;48.8026890774, 2.31803124686
"{""type"": ""Point"", ""coordinates"": [2.302349206479093, 48.954363518529156]}";Epinay-sur-Seine;317;Tram 11;317;Tangentielle Nord : Epinay - Le Bourget (Phase 1);arrêt;3;3;5;1;1;;;1;0;0;9;0;;1;;1;48.9543635185, 2.30234920648
"{""type"": ""Point"", ""coordinates"": [2.341941308454401, 48.959895717000975]}";Villetaneuse - Université;317;Tram 11;317;Tangentielle Nord : Epinay - Le Bourget (Phase 1);arrêt;3;3;5;0;0;;;1;0;0;9;0;;1;;1;48.959895717, 2.34194130845
"{""type"": ""Point"", ""coordinates"": [2.390836785121254, 48.95483942556953]}";Stains-Cerisaie;317;Tram 11;317;Tangentielle Nord : Epinay - Le Bourget (Phase 1);arrêt;3;3;5;0;0;;;1;0;0;9;0;;1;;1;48.9548394256, 2.39083678512
"{""type"": ""Point"", ""coordinates"": [2.1571763340521, 48.937620572359904]}";Sartrouville;317;Tram 11;317;Tangentielle Nord : Sartrouville - Epinay (Phase 2);arrêt;3;3;5;1;1;;;1;0;0;7;0;;1;;1;48.9376205724, 2.15717633405
"{""type"": ""Point"", ""coordinates"": [2.488352828214857, 48.86043344825147]}";Faidherbe;304;Tram 01 - VDF;304;T1 Est : Noisy-Le-Sec - Val de Fontenay;arrêt;3;3;4;0;0;;;0;1;0;8;0;;1;;1;48.8604334483, 2.48835282821
"{""type"": ""Point"", ""coordinates"": [2.44082220524926, 48.883135902122085]}";Place Carnot;110;metro 11 - RBP;110;ligne 11 à Rosny-Bois-Perrier;arrêt;1;1;1;1;0;;;0;1;0;9;0;;1;;1;48.8831359021, 2.44082220525
"{""type"": ""Point"", ""coordinates"": [2.094948285629467, 48.9017160205207]}";Saint-Germain RER;319;Tram 13;319;Tangentielle Ouest (Phase 1);arrêt;3;3;5;1;1;1;;0;1;0;8;0;;1;;1;48.9017160205, 2.09494828563
"{""type"": ""Point"", ""coordinates"": [2.072966450012981, 48.79877820041291]}";Saint-Cyr RER;319;Tram 13;319;Tangentielle Ouest (Phase 1);arrêt;3;3;5;1;1;1;;0;1;0;8;0;;1;;1;48.7987782004, 2.07296645001
"{""type"": ""Point"", ""coordinates"": [2.395341508371068, 48.63395897487315]}";Croizat;318;Tram 12;318;Tram-Train Massy-Évry;arrêt;3;3;5;0;0;;;1;0;0;8;0;;1;;1;48.6339589749, 2.39534150837
"{""type"": ""Point"", ""coordinates"": [2.257023879004012, 48.803325862281675]}";Place du Garde;316;Tram 10;316;T10 : Tramway Antony - Clamart;arrêt;3;3;4;0;1;;;1;0;0;7;0;;1;;1;48.8033258623, 2.257023879
"{""type"": ""Point"", ""coordinates"": [2.252691294125849, 48.79007344104897]}";Jardin Parisien;316;Tram 10;316;T10 : Tramway Antony - Clamart;arrêt;3;3;4;0;0;;;1;0;0;7;0;;1;;1;48.790073441, 2.25269129413
"{""type"": ""Point"", ""coordinates"": [2.532188673268823, 48.90858195942553]}";Léon Blum;308;Tram 04 - CM;308;T4 Clichy - Montfermeil;arrêt;3;3;5;0;0;;;0;1;0;9;0;;1;;1;48.9085819594, 2.53218867327
"{""type"": ""Point"", ""coordinates"": [2.517025495287702, 48.90816541612633]}";Gargan;308;Tram 04 - CM;308;T4 Clichy - Montfermeil;arrêt;3;3;5;1;1;;;0;1;0;9;0;;1;;1;48.9081654161, 2.51702549529
"{""type"": ""Point"", ""coordinates"": [2.567307207676798, 48.90021873659585]}";Henri Barbusse;308;Tram 04 - CM;308;T4 Clichy - Montfermeil;arrêt;3;3;5;0;0;;;0;1;0;9;0;;1;;1;48.9002187366, 2.56730720768
"{""type"": ""Point"", ""coordinates"": [2.571123709548882, 48.900725996086095]}";Montfermeil hôpital;308;Tram 04 - CM;308;T4 Clichy - Montfermeil;arrêt;3;3;5;0;1;;;0;1;0;9;0;;1;;1;48.9007259961, 2.57112370955
"{""type"": ""Point"", ""coordinates"": [2.16204390899757, 48.729557375990105]}";Christ de Saclay;218;bus Massy - Saclay;218;TCSP Plateau de Saclay (Phase 2);arrêt;2;2;2;0;1;2;;0;1;0;9;0;;1;;1;48.729557376, 2.162043909
"{""type"": ""Point"", ""coordinates"": [2.146633981504812, 48.71446352447247]}";Saint-Aubin;218;bus Massy - Saclay;218;TCSP Plateau de Saclay (Phase 2);arrêt;2;2;2;0;0;2;;0;1;0;9;0;;1;;1;48.7144635245, 2.1466339815
"{""type"": ""Point"", ""coordinates"": [2.203168919885789, 48.71431165834592]}";Fresnel;218;bus Massy - Saclay;218;TCSP Plateau de Saclay (Phase 2);arrêt;2;2;2;0;1;2;;0;1;0;9;0;;1;;1;48.7143116583, 2.20316891989
"{""type"": ""Point"", ""coordinates"": [2.513936786129873, 48.97409232157368]}";Parc des expositions;209;bus ligne 20;209;BHNS Gonesse;arrêt;2;2;2;1;1;;;1;0;0;9;0;;1;;1;48.9740923216, 2.51393678613
"{""type"": ""Point"", ""coordinates"": [1.715210986447546, 48.983654507541004]}";Mantes Station;414;Train E - Ouest;414;RER E à l'Ouest - Mantes;arrêt;4;4;6;1;0;;;0;1;0;9;0;;1;;1;48.9836545075, 1.71521098645
"{""type"": ""Point"", ""coordinates"": [1.955479247534605, 48.992613881639144]}";Les Clairières de Verneuil;414;Train E - Ouest;414;RER E à l'Ouest - Mantes;arrêt;4;4;6;1;0;;;0;1;0;9;0;;1;;1;48.9926138816, 1.95547924753
"{""type"": ""Point"", ""coordinates"": [1.983143352086498, 48.98144596941029]}";Vernouillet-Verneuil;414;Train E - Ouest;414;RER E à l'Ouest - Mantes;arrêt;4;4;6;1;0;;;0;1;0;9;0;;1;;1;48.9814459694, 1.98314335209
"{""type"": ""Point"", ""coordinates"": [2.476234975838892, 48.90539795750976]}";Gâtine;244;TZen3;244;TZen3 : TCSP RN3;arrêt;2;2;3;0;0;;;1;0;0;7;0;;0;;1;48.9053979575, 2.47623497584
"{""type"": ""Point"", ""coordinates"": [2.49539427921894, 48.908071408058014]}";La Fourche;244;TZen3;244;TZen3 : TCSP RN3;arrêt;2;2;3;0;0;;;1;0;0;7;0;;0;;1;48.9080714081, 2.49539427922
"{""type"": ""Point"", ""coordinates"": [2.457888302886953, 48.901512672349426]}";Parc de la Bergère;244;TZen3;244;TZen3 : TCSP RN3;arrêt;2;2;3;0;0;;;1;0;0;7;0;;0;;1;48.9015126723, 2.45788830289
"{""type"": ""Point"", ""coordinates"": [2.488822951863062, 48.90712610085465]}";Pasteur;244;TZen3;244;TZen3 : TCSP RN3;arrêt;2;2;3;0;0;;;1;0;0;7;0;;0;;1;48.9071261009, 2.48882295186
"{""type"": ""Point"", ""coordinates"": [2.557799985685863, 48.60508487202224]}";Avenue 8 mai 1945;243;TZen2;243;TZen2 : TCSP Melun - Sénart;arrêt;2;2;3;0;0;;;1;0;0;7;0;;1;;1;48.605084872, 2.55779998569
"{""type"": ""Point"", ""coordinates"": [2.596176803575962, 48.58660510078284]}";Boissenart;243;TZen2;243;TZen2 : TCSP Melun - Sénart;arrêt;2;2;3;0;0;;;1;0;0;7;0;;1;;1;48.5866051008, 2.59617680358
"{""type"": ""Point"", ""coordinates"": [2.609747179513419, 48.57282358853559]}";Aimé Césaire;243;TZen2;243;TZen2 : TCSP Melun - Sénart;arrêt;2;2;3;0;0;;;1;0;0;7;0;;1;;1;48.5728235885, 2.60974717951
"{""type"": ""Point"", ""coordinates"": [2.625865587091315, 48.56823067145685]}";PA Jean Monnet;243;TZen2;243;TZen2 : TCSP Melun - Sénart;arrêt;2;2;3;0;0;;;1;0;0;7;0;;1;;1;48.5682306715, 2.62586558709
"{""type"": ""Point"", ""coordinates"": [2.653763444838978, 48.553034923870484]}";Montaigu;243;TZen2;243;TZen2 : TCSP Melun - Sénart;arrêt;2;2;3;0;0;;;1;0;0;7;0;;1;;1;48.5530349239, 2.65376344484
"{""type"": ""Point"", ""coordinates"": [2.6617100030204, 48.53874554484585]}";Saint Jean;243;TZen2;243;TZen2 : TCSP Melun - Sénart;arrêt;2;2;3;0;0;;;1;0;0;7;0;;1;;1;48.5387455448, 2.66171000302
"{""type"": ""Point"", ""coordinates"": [2.368239750799281, 48.81553196407723]}";Barbès-Châteaudun;315;Tram 09;315;T9 : Tramway Paris - Orly;arrêt;3;3;4;0;0;1;;1;0;0;8;0;;1;;1;48.8155319641, 2.3682397508
"{""type"": ""Point"", ""coordinates"": [2.374914365136766, 48.80721521703157]}";Barbusse;315;Tram 09;315;T9 : Tramway Paris - Orly;arrêt;3;3;4;0;0;1;;1;0;0;8;0;;1;;1;48.807215217, 2.37491436514
"{""type"": ""Point"", ""coordinates"": [2.381510971736228, 48.79882265296958]}";Champs Fleuris;315;Tram 09;315;T9 : Tramway Paris - Orly;arrêt;3;3;4;0;0;1;;1;0;0;8;0;;1;;1;48.798822653, 2.38151097174
"{""type"": ""Point"", ""coordinates"": [2.405808944037218, 48.76391487107732]}";Rouget de Lisle;315;Tram 09;315;T9 : Tramway Paris - Orly;arrêt;3;3;4;0;0;1;;1;0;0;8;0;;1;;1;48.7639148711, 2.40580894404
"{""type"": ""Point"", ""coordinates"": [2.416612616850875, 48.75241388080942]}";Christophe Colomb;315;Tram 09;315;T9 : Tramway Paris - Orly;arrêt;3;3;4;0;0;1;;1;0;0;8;0;;1;;1;48.7524138808, 2.41661261685
"{""type"": ""Point"", ""coordinates"": [2.498000522395323, 48.975372876046336]}";Paris Nord 2 - Zone Commerciale;209;bus ligne 20;209;BHNS Gonesse;arrêt;2;2;2;0;0;;;1;0;0;9;0;;1;;1;48.975372876, 2.4980005224
"{""type"": ""Point"", ""coordinates"": [2.459882917503267, 48.98533351982182]}";Fontaine Cypierre;209;bus ligne 20;209;BHNS Gonesse;arrêt;2;2;2;0;0;;;1;0;0;9;0;;1;;1;48.9853335198, 2.4598829175
"{""type"": ""Point"", ""coordinates"": [2.319740313298555, 48.818676409912605]}";Mairie de Montrouge;102;metro 04;102;ligne 4 à Bagneux;arrêt;1;1;1;0;1;1;;0;1;0;9;0;;0;;1;48.8186764099, 2.3197403133
"{""type"": ""Point"", ""coordinates"": [2.347168005260541, 48.861909041119446]}";Châtelet - Les Halles;912;pôle de Châtelet - Les Halles;;pôle de Châtelet - Les Halles;pôle multimodal;9;9;9;0;0;;;0;0;0;9;0;1899-12-30T00:00:00+00:00;0;;1;48.8619090411, 2.34716800526
"{""type"": ""Point"", ""coordinates"": [2.321743589558779, 48.90449642057461]}";Clichy - Saint-Ouen RER;122;GPE - m14;122;GPE - ligne 14 - nord - phase 1 - Mairie de St-Ouen;arrêt;1;1;1;1;0;nord/1;;0;1;0;9;0;;0;;1;48.9044964206, 2.32174358956
"{""type"": ""Point"", ""coordinates"": [2.36699277580828, 48.76017323314655]}";M.I.N. Porte de Thiais;122;GPE - m14;122;GPE - ligne 14 - sud;arrêt;1;1;1;1;0;sud;;0;1;0;7;0;;0;;1;48.7601732331, 2.36699277581
"{""type"": ""Point"", ""coordinates"": [2.349603846879389, 48.80986346142256]}";Kremlin-Bicêtre Hôpital;122;GPE - m14;122;GPE - ligne 14 - sud;arrêt;1;1;1;0;0;sud;;0;1;0;7;0;;0;;1;48.8098634614, 2.34960384688
"{""type"": ""Point"", ""coordinates"": [2.358884395410276, 48.82129810881198]}";Maison Blanche;122;GPE - m14;122;GPE - ligne 14 - sud;arrêt;1;1;1;1;0;sud;;0;1;0;7;0;;0;;1;48.8212981088, 2.35888439541
"{""type"": ""Point"", ""coordinates"": [2.273430377480781, 48.81412021631326]}";Fort d'Issy-Vanves-Clamart;122;GPE - m15;122;GPE - ligne 15 - sud;arrêt;1;1;1;1;0;sud;;1;0;0;8;0;;0;;1;48.8141202163, 2.27343037748
"{""type"": ""Point"", ""coordinates"": [2.230260286908603, 48.827459657352186]}";Pont de Sèvres;122;GPE - m15;122;GPE - ligne 15 - sud;arrêt;1;1;1;0;1;sud;;1;0;0;8;0;;0;;1;48.8274596574, 2.23026028691
"{""type"": ""Point"", ""coordinates"": [2.586322469046661, 48.87396118417447]}";Chelles;122;GPE - m16;122;GPE - ligne 16;arrêt;1;1;1;0;0;;;1;0;0;7;0;;0;;1;48.8739611842, 2.58632246905
"{""type"": ""Point"", ""coordinates"": [2.346577368641346, 48.91746710608594]}";Saint-Denis Pleyel;122;GPE - m15;122;GPE - ligne 15 - ouest - phase 2;arrêt;1;1;1;1;1;ouest/2;;1;0;0;7;0;;0;;1;48.9174671061, 2.34657736864
"{""type"": ""Point"", ""coordinates"": [2.34936523945399, 48.7930549126736]}";Villejuif Institut Gustave Roussy;122;GPE - m14;122;GPE - ligne 14 - sud;arrêt;1;1;1;1;0;sud;;0;1;0;7;0;;0;;1;48.7930549127, 2.34936523945
"{""type"": ""Point"", ""coordinates"": [2.230260286908603, 48.827459657352186]}";Pont de Sèvres;122;GPE - m15;122;GPE - ligne 15 - ouest - phase 1;arrêt;1;1;1;0;1;ouest/1;;1;0;0;7;0;;0;;1;48.8274596574, 2.23026028691
"{""type"": ""Point"", ""coordinates"": [1.695981373598412, 48.99428197367112]}";;214;bus Mantes la-Jolie;214;TCSP Mantes-la-Jolie/Gare du Mantois;arrêt;2;2;2;0;0;;;1;0;0;3;0;1899-12-30T00:00:00+00:00;0;;1;48.9942819737, 1.6959813736
"{""type"": ""Point"", ""coordinates"": [1.67591967383727, 48.999480446520764]}";;214;bus Mantes la-Jolie;214;TCSP Mantes-la-Jolie/Gare du Mantois;arrêt;2;2;2;0;0;;;1;0;0;3;0;1899-12-30T00:00:00+00:00;0;;1;48.9994804465, 1.67591967384
"{""type"": ""Point"", ""coordinates"": [1.671864665688475, 49.00024740120418]}";;214;bus Mantes la-Jolie;214;TCSP Mantes-la-Jolie/Gare du Mantois;arrêt;2;2;2;0;0;;;1;0;0;3;0;1899-12-30T00:00:00+00:00;0;;1;49.0002474012, 1.67186466569
"{""type"": ""Point"", ""coordinates"": [1.660789635822515, 49.00161389085608]}";;214;bus Mantes la-Jolie;214;TCSP Mantes-la-Jolie/Gare du Mantois;arrêt;2;2;2;0;0;;;1;0;0;3;0;1899-12-30T00:00:00+00:00;0;;1;49.0016138909, 1.66078963582
"{""type"": ""Point"", ""coordinates"": [1.655433058706648, 49.000910612297645]}";;214;bus Mantes la-Jolie;214;TCSP Mantes-la-Jolie/Gare du Mantois;arrêt;2;2;2;0;0;;;1;0;0;3;0;1899-12-30T00:00:00+00:00;0;;1;49.0009106123, 1.65543305871
"{""type"": ""Point"", ""coordinates"": [2.366646607390248, 48.960052874708516]}";Pierrefitte-Stains;317;Tram 11;317;Tangentielle Nord : Epinay - Le Bourget (Phase 1);arrêt;3;3;5;0;0;;;1;0;0;9;0;;1;;1;48.9600528747, 2.36664660739
"{""type"": ""Point"", ""coordinates"": [2.436398062869576, 48.898703032520636]}";Bobigny - La Folie;317;Tram 11;317;Tangentielle Nord : Le Bourget - Noisy-Le-Sec (Phase 2);arrêt;3;3;5;0;0;;;1;0;0;7;0;;1;;1;48.8987030325, 2.43639806287
"{""type"": ""Point"", ""coordinates"": [2.457742002004044, 48.867151581287374]}";Rue de Rosny;304;Tram 01 - VDF;304;T1 Est : Noisy-Le-Sec - Val de Fontenay;arrêt;3;3;4;0;0;;;0;1;0;8;0;;1;;1;48.8671515813, 2.457742002
"{""type"": ""Point"", ""coordinates"": [2.440756099035143, 48.883917536354595]}";Place Carnot;304;Tram 01 - VDF;304;T1 Est : Noisy-Le-Sec - Val de Fontenay;arrêt;3;3;4;1;0;;;0;1;0;8;0;;1;;1;48.8839175364, 2.44075609904
"{""type"": ""Point"", ""coordinates"": [2.152134336537288, 48.719890986537706]}";Mare du Vivier - CEA;218;bus Massy - Saclay;218;TCSP Plateau de Saclay (Phase 2);arrêt;2;2;2;0;0;2;;0;1;0;9;0;;1;;1;48.7198909865, 2.15213433654
"{""type"": ""Point"", ""coordinates"": [2.266826773953657, 48.93156536708485]}";Fossés Jean;302;Tram 01 - Colombes;302;T1 Ouest : Asnières - Colombes;arrêt;3;3;4;0;0;;;0;1;0;7;0;;1;;1;48.9315653671, 2.26682677395
"{""type"": ""Point"", ""coordinates"": [2.26288547227933, 48.93453817122137]}";Gare du Stade;302;Tram 01 - Colombes;302;T1 Ouest : Asnières - Colombes;arrêt;3;3;4;1;0;;;0;1;0;7;0;;1;;1;48.9345381712, 2.26288547228
"{""type"": ""Point"", ""coordinates"": [2.254407218730193, 48.92894681719899]}";Pierre de Coubertin;302;Tram 01 - Colombes;302;T1 Ouest : Asnières - Colombes;arrêt;3;3;4;0;0;;;0;1;0;7;0;;1;;1;48.9289468172, 2.25440721873
"{""type"": ""Point"", ""coordinates"": [2.228370382784683, 48.91437658265498]}";Gabriel Peri;302;Tram 01 - Colombes;302;T1 Ouest : Asnières - Colombes;arrêt;3;3;4;1;1;;;0;1;0;7;0;;1;;1;48.9143765827, 2.22837038278
"{""type"": ""Point"", ""coordinates"": [2.480511148060685, 48.88275159763063]}";Rosny-Bois-Perrier;110;metro 11 - RBP;110;ligne 11 à Rosny-Bois-Perrier;arrêt;1;1;1;1;1;;;0;1;0;9;0;;1;;1;48.8827515976, 2.48051114806
"{""type"": ""Point"", ""coordinates"": [2.265899097109115, 48.76469594994354]}";Esplanade;316;Tram 10;316;T10 : Tramway Antony - Clamart;arrêt;3;3;4;0;0;;;1;0;0;7;0;;1;;1;48.7646959499, 2.26589909711
"{""type"": ""Point"", ""coordinates"": [2.44608364389343, 48.89924904191929]}";Ecole Hôtelière;244;TZen3;244;TZen3 : TCSP RN3;arrêt;2;2;3;0;0;;;1;0;0;7;0;;0;;1;48.8992490419, 2.44608364389
"{""type"": ""Point"", ""coordinates"": [2.452086429465368, 48.90039302393922]}";Arts de la Rue;244;TZen3;244;TZen3 : TCSP RN3;arrêt;2;2;3;0;0;;;1;0;0;7;0;;0;;1;48.9003930239, 2.45208642947
"{""type"": ""Point"", ""coordinates"": [2.565528485670111, 48.60057995372703]}";Miroir d'eau;243;TZen2;243;TZen2 : TCSP Melun - Sénart;arrêt;2;2;3;0;0;;;1;0;0;7;0;;1;;1;48.6005799537, 2.56552848567
"{""type"": ""Point"", ""coordinates"": [2.590188195221038, 48.59455689204034]}";Les Routoires;243;TZen2;243;TZen2 : TCSP Melun - Sénart;arrêt;2;2;3;0;0;;;1;0;0;7;0;;1;;1;48.594556892, 2.59018819522
"{""type"": ""Point"", ""coordinates"": [2.640571350060406, 48.5551901296891]}";Hôpital;243;TZen2;243;TZen2 : TCSP Melun - Sénart;arrêt;2;2;3;0;0;;;1;0;0;7;0;;1;;1;48.5551901297, 2.64057135006
"{""type"": ""Point"", ""coordinates"": [2.657273123949179, 48.55077161708925]}";3 horloges;243;TZen2;243;TZen2 : TCSP Melun - Sénart;arrêt;2;2;3;0;0;;;1;0;0;7;0;;1;;1;48.5507716171, 2.65727312395
"{""type"": ""Point"", ""coordinates"": [2.662579882568005, 48.545982531377355]}";Castors;243;TZen2;243;TZen2 : TCSP Melun - Sénart;arrêt;2;2;3;0;0;;;1;0;0;7;0;;1;;1;48.5459825314, 2.66257988257
"{""type"": ""Point"", ""coordinates"": [2.655062949098436, 48.528515153943324]}";Place de la Gare;243;TZen2;243;TZen2 : TCSP Melun - Sénart;arrêt;2;2;3;0;1;;;1;0;0;7;0;;1;;1;48.5285151539, 2.6550629491
"{""type"": ""Point"", ""coordinates"": [2.634261200971767, 48.560798804376844]}";PA Konrad Adenauer;243;TZen2;243;TZen2 : TCSP Melun - Sénart;arrêt;2;2;3;0;0;;;1;0;0;7;0;;1;;1;48.5607988044, 2.63426120097
"{""type"": ""Point"", ""coordinates"": [2.399375864563053, 48.772992631543474]}";Trois Communes;315;Tram 09;315;T9 : Tramway Paris - Orly;arrêt;3;3;4;0;0;1;;1;0;0;8;0;;1;;1;48.7729926315, 2.39937586456
"{""type"": ""Point"", ""coordinates"": [2.318679120665014, 48.80275710403365]}";Bagneux M4;118;metro 15 sud;118;ligne 15 - sud;arrêt;1;1;1;1;0;sud;;1;0;0;8;0;;0;;1;48.802757104, 2.31867912067
"{""type"": ""Point"", ""coordinates"": [2.185353376302864, 48.920379373924355]}";Houilles - Carrières-sur-Seine;414;Train E - Ouest;414;RER E à l'Ouest - Mantes;arrêt;4;4;6;1;0;;;0;1;0;9;0;;1;;1;48.9203793739, 2.1853533763
"{""type"": ""Point"", ""coordinates"": [2.509847414912628, 48.97978098936077]}";Bois de la Pie;209;bus ligne 20;209;BHNS Gonesse;arrêt;2;2;2;0;0;;;1;0;0;9;0;;1;;1;48.9797809894, 2.50984741491
"{""type"": ""Point"", ""coordinates"": [2.228533882467139, 48.920330706429695]}";Les Greves;302;Tram 01 - Colombes;302;T1 Ouest : Asnières - Colombes;arrêt;3;3;4;0;0;;;0;1;0;7;0;;1;;1;48.9203307064, 2.22853388247
"{""type"": ""Point"", ""coordinates"": [2.21505923336233, 48.90154345951677]}";Nanterre - Université;901;pôle de Nanterre - Université;;pôle de Nanterre - Université;pôle multimodal;9;9;9;0;0;;;0;0;0;9;0;1899-12-30T00:00:00+00:00;0;;1;48.9015434595, 2.21505923336
"{""type"": ""Point"", ""coordinates"": [2.324256032653556, 48.87576459402025]}";Saint-Lazare;122;GPE - m14;122;GPE - ligne 14 - nord - phase 1 - Mairie de St-Ouen;arrêt;1;1;1;1;1;nord/1;;0;1;0;9;0;;0;;1;48.875764594, 2.32425603265
"{""type"": ""Point"", ""coordinates"": [2.315176897304784, 48.88956082831537]}";Pont Cardinet;122;GPE - m14;122;GPE - ligne 14 - nord - phase 1 - Mairie de St-Ouen;arrêt;1;1;1;1;0;nord/1;;0;1;0;9;0;;0;;1;48.8895608283, 2.3151768973
"{""type"": ""Point"", ""coordinates"": [2.368052243960689, 48.82723868536501]}";Olympiades;122;GPE - m14;122;GPE - ligne 14 - sud;arrêt;1;1;1;0;0;sud;;0;1;0;7;0;;0;;1;48.8272386854, 2.36805224396
"{""type"": ""Point"", ""coordinates"": [2.23718908802452, 48.89220655655849]}";La Défense;122;GPE - m15;122;GPE - ligne 15 - ouest - phase 2;arrêt;1;1;1;1;0;ouest/2;;1;0;0;7;0;;0;;1;48.8922065566, 2.23718908802
"{""type"": ""Point"", ""coordinates"": [2.526382943759427, 48.823986759529426]}";Bry - Villiers - Champigny;122;GPE - m15;122;GPE - ligne 15 - sud;arrêt;1;1;1;0;0;sud;;1;0;0;8;0;;0;;1;48.8239867595, 2.52638294376
"{""type"": ""Point"", ""coordinates"": [2.387039374270739, 48.78998996221601]}";Vitry Centre;122;GPE - m15;122;GPE - ligne 15 - sud;arrêt;1;1;1;1;0;sud;;1;0;0;8;0;;0;;1;48.7899899622, 2.38703937427
"{""type"": ""Point"", ""coordinates"": [2.384646333159376, 48.929086806784326]}";La Courneuve-Six Routes;122;GPE - m16;122;GPE - ligne 16;arrêt;1;1;1;1;0;;;1;0;0;7;0;;0;;1;48.9290868068, 2.38464633316
"{""type"": ""Point"", ""coordinates"": [2.580803556290872, 48.84345646911863]}";Noisy-Champs;122;GPE - m16;122;GPE - ligne 16;arrêt;1;1;1;1;1;;;1;0;0;7;0;;0;;1;48.8434564691, 2.58080355629
"{""type"": ""Point"", ""coordinates"": [2.362591469689739, 48.72808339047629]}";Aéroport d'Orly;122;GPE - m14;122;GPE - ligne 14 - sud;arrêt;1;1;1;1;1;sud;;1;0;0;7;0;;0;;1;48.7280833905, 2.36259146969
"{""type"": ""Point"", ""coordinates"": [2.346577368641346, 48.91746710608594]}";Saint-Denis Pleyel;122;GPE - m14;122;GPE - ligne 14 - nord - phase 2;arrêt;1;1;1;1;1;nord/2;;1;0;0;7;0;;0;;1;48.9174671061, 2.34657736864
"{""type"": ""Point"", ""coordinates"": [1.683650609807542, 49.00112878311146]}";;214;bus Mantes la-Jolie;214;TCSP Mantes-la-Jolie/Gare du Mantois;arrêt;2;2;2;0;0;;;1;0;0;3;0;1899-12-30T00:00:00+00:00;0;;1;49.0011287831, 1.68365060981
"{""type"": ""Point"", ""coordinates"": [1.678622953528655, 49.0015521860253]}";;214;bus Mantes la-Jolie;214;TCSP Mantes-la-Jolie/Gare du Mantois;arrêt;2;2;2;0;0;;;1;0;0;3;0;1899-12-30T00:00:00+00:00;0;;1;49.001552186, 1.67862295353
"{""type"": ""Point"", ""coordinates"": [1.668897436008981, 49.00232387548114]}";;214;bus Mantes la-Jolie;214;TCSP Mantes-la-Jolie/Gare du Mantois;arrêt;2;2;2;0;0;;;1;0;0;3;0;1899-12-30T00:00:00+00:00;0;;1;49.0023238755, 1.66889743601
"{""type"": ""Point"", ""coordinates"": [2.454714211064978, 48.87833670193852]}";Hôpital;110;metro 11 - RBP;110;ligne 11 à Rosny-Bois-Perrier;arrêt;1;1;1;0;0;;;0;1;0;9;0;;1;;1;48.8783367019, 2.45471421106
"{""type"": ""Point"", ""coordinates"": [2.407576768063945, 48.62508421000367]}";Monnet;318;Tram 12;318;Tram-Train Massy-Évry;arrêt;3;3;5;0;0;;;1;0;0;8;0;;1;;1;48.62508421, 2.40757676806
"{""type"": ""Point"", ""coordinates"": [2.411316465458828, 48.943567397939006]}";Dugny-La Courneuve;317;Tram 11;317;Tangentielle Nord : Epinay - Le Bourget (Phase 1);arrêt;3;3;5;0;0;;;1;0;0;9;0;;1;;1;48.9435673979, 2.41131646546
"{""type"": ""Point"", ""coordinates"": [2.473405139295647, 48.862154421772075]}";Côte du Nord;304;Tram 01 - VDF;304;T1 Est : Noisy-Le-Sec - Val de Fontenay;arrêt;3;3;4;0;0;;;0;1;0;8;0;;1;;1;48.8621544218, 2.4734051393
"{""type"": ""Point"", ""coordinates"": [2.362618263949531, 48.665319923402194]}";Viry - Coteaux de l'Orge;318;Tram 12;318;Tram-Train Massy-Évry;arrêt;3;3;5;0;0;;;1;0;0;8;0;;1;;1;48.6653199234, 2.36261826395
"{""type"": ""Point"", ""coordinates"": [2.371962954932882, 48.69852307789069]}";Pyramide;312;Tram 07;312;T7 : Athis Mons - Juvisy (Phase 2);arrêt;3;3;4;0;0;2;;0;1;0;8;0;;1;;1;48.6985230779, 2.37196295493
"{""type"": ""Point"", ""coordinates"": [2.24950654588259, 48.774257567169506]}";Novéos;316;Tram 10;316;T10 : Tramway Antony - Clamart;arrêt;3;3;4;0;0;;;1;0;0;7;0;;1;;1;48.7742575672, 2.24950654588
"{""type"": ""Point"", ""coordinates"": [2.254174463626753, 48.76677097301019]}";Centre commercial;316;Tram 10;316;T10 : Tramway Antony - Clamart;arrêt;3;3;4;0;0;;;1;0;0;7;0;;1;;1;48.766770973, 2.25417446363
"{""type"": ""Point"", ""coordinates"": [2.467356117418251, 48.882243731337404]}";Londeau-Domus;110;metro 11 - RBP;110;ligne 11 à Rosny-Bois-Perrier;arrêt;1;1;1;0;0;;;0;1;0;9;0;;1;;1;48.8822437313, 2.46735611742
"{""type"": ""Point"", ""coordinates"": [2.156111392846987, 48.72375900947253]}";Raoul Dautry - CEA;218;bus Massy - Saclay;218;TCSP Plateau de Saclay (Phase 2);arrêt;2;2;2;0;0;2;;0;1;0;9;0;;1;;1;48.7237590095, 2.15611139285
"{""type"": ""Point"", ""coordinates"": [2.14986986236651, 48.711880205475026]}";Orme des Merisiers;218;bus Massy - Saclay;218;TCSP Plateau de Saclay (Phase 2);arrêt;2;2;2;0;0;2;;0;1;0;9;0;;1;;1;48.7118802055, 2.14986986237
"{""type"": ""Point"", ""coordinates"": [2.450524653651714, 48.88831917893041]}";Rue Hélène;304;Tram 01 - VDF;304;T1 Est : Noisy-Le-Sec - Val de Fontenay;arrêt;3;3;4;0;0;;1;0;1;0;8;0;;1;;1;48.8883191789, 2.45052465365
"{""type"": ""Point"", ""coordinates"": [2.255501807351806, 48.93336189342038]}";Valmy Nord;302;Tram 01 - Colombes;302;T1 Ouest : Asnières - Colombes;arrêt;3;3;4;0;0;;;0;1;0;7;0;;1;;1;48.9333618934, 2.25550180735
"{""type"": ""Point"", ""coordinates"": [2.247996928922029, 48.92818096276545]}";Stade Yves du Manoir;302;Tram 01 - Colombes;302;T1 Ouest : Asnières - Colombes;arrêt;3;3;4;0;0;;;0;1;0;7;0;;1;;1;48.9281809628, 2.24799692892
"{""type"": ""Point"", ""coordinates"": [2.041072289675926, 48.93326540612854]}";Poissy;414;Train E - Ouest;414;RER E à l'Ouest - Mantes;arrêt;4;4;6;1;0;;;0;1;0;9;0;;1;;1;48.9332654061, 2.04107228968
"{""type"": ""Point"", ""coordinates"": [1.703016134167223, 48.989502508030505]}";Mantes-la-Jolie;414;Train E - Ouest;414;RER E à l'Ouest - Mantes;arrêt;4;4;6;1;1;;;0;1;0;9;0;;1;;1;48.989502508, 1.70301613417
"{""type"": ""Point"", ""coordinates"": [2.40237232941767, 48.89116103102418]}";Hoche;244;TZen3;244;TZen3 : TCSP RN3;arrêt;2;2;3;1;0;;;1;0;0;7;0;;0;;1;48.891161031, 2.40237232942
"{""type"": ""Point"", ""coordinates"": [2.413425722094125, 48.893296370506484]}";Eglise de Pantin;244;TZen3;244;TZen3 : TCSP RN3;arrêt;2;2;3;1;0;;;1;0;0;7;0;;0;;1;48.8932963705, 2.41342572209
"{""type"": ""Point"", ""coordinates"": [2.257515004584036, 48.724729144431684]}";Massy - Palaiseau;318;Tram 12;318;Tram-Train Massy-Évry;arrêt;3;3;5;1;1;;;1;0;0;8;0;;1;;1;48.7247291444, 2.25751500458
"{""type"": ""Point"", ""coordinates"": [2.383402377162208, 48.65212869296523]}";Grigny ZAC;318;Tram 12;318;Tram-Train Massy-Évry;arrêt;3;3;5;1;0;;;1;0;0;8;0;;1;;1;48.652128693, 2.38340237716
"{""type"": ""Point"", ""coordinates"": [2.459700070144242, 48.897297475952286]}";Noisy-le-Sec;317;Tram 11;317;Tangentielle Nord : Le Bourget - Noisy-Le-Sec (Phase 2);arrêt;3;3;5;1;1;;;1;0;0;7;0;;1;;1;48.897297476, 2.45970007014
"{""type"": ""Point"", ""coordinates"": [2.460330069519439, 48.89591583620302]}";Gare RER - Noisy-le-Sec;304;Tram 01 - VDF;304;T1 Est : Noisy-Le-Sec - Val de Fontenay;arrêt;3;3;4;1;1;;;0;1;0;8;1;;1;;1;48.8959158362, 2.46033006952
"{""type"": ""Point"", ""coordinates"": [2.48977990679502, 48.85484532349485]}";Gare RER - Val de Fontenay;304;Tram 01 - VDF;304;T1 Est : Noisy-Le-Sec - Val de Fontenay;arrêt;3;3;4;1;1;;;0;1;0;8;0;;1;;1;48.8548453235, 2.4897799068
"{""type"": ""Point"", ""coordinates"": [2.447358159976188, 48.872916626184406]}";Route de Romainville;304;Tram 01 - VDF;304;T1 Est : Noisy-Le-Sec - Val de Fontenay;arrêt;3;3;4;0;0;;;0;1;0;8;0;;1;;1;48.8729166262, 2.44735815998
"{""type"": ""Point"", ""coordinates"": [2.354738574144811, 48.667892845672476]}";Morsang;318;Tram 12;318;Tram-Train Massy-Évry;arrêt;3;3;5;0;0;;;1;0;0;8;0;;1;;1;48.6678928457, 2.35473857414
"{""type"": ""Point"", ""coordinates"": [2.326717840220577, 48.87502934185029]}";Haussmann-Saint-Lazare;414;Train E - Ouest;414;RER E à l'Ouest - Mantes;arrêt;4;4;6;1;1;;;0;1;0;9;0;;1;;1;48.8750293419, 2.32671784022
"{""type"": ""Point"", ""coordinates"": [2.376771315219629, 48.69121312490667]}";Place du Maréchal Leclerc;312;Tram 07;312;T7 : Athis Mons - Juvisy (Phase 2);arrêt;3;3;4;0;0;2;;0;1;0;8;0;;1;;1;48.6912131249, 2.37677131522
"{""type"": ""Point"", ""coordinates"": [2.251123672200108, 48.77877311113929]}";Parc des Sports;316;Tram 10;316;T10 : Tramway Antony - Clamart;arrêt;3;3;4;0;0;;;1;0;0;7;0;;1;;1;48.7787731111, 2.2511236722
"{""type"": ""Point"", ""coordinates"": [2.272513152586373, 48.763815942046705]}";Allende;316;Tram 10;316;T10 : Tramway Antony - Clamart;arrêt;3;3;4;0;0;;;1;0;0;7;0;;1;;1;48.763815942, 2.27251315259
"{""type"": ""Point"", ""coordinates"": [2.282021568209069, 48.76255014587568]}";D128 - Vincent Fayo;316;Tram 10;316;T10 : Tramway Antony - Clamart;arrêt;3;3;4;0;0;;;1;0;0;7;0;;1;;1;48.7625501459, 2.28202156821
"{""type"": ""Point"", ""coordinates"": [2.547113688309972, 48.90493153979945]}";Romain Rolland;308;Tram 04 - CM;308;T4 Clichy - Montfermeil;arrêt;3;3;5;0;0;;;0;1;0;9;0;;1;;1;48.9049315398, 2.54711368831
"{""type"": ""Point"", ""coordinates"": [2.555490038345318, 48.90465609073639]}";Clichy-Montfermeil;308;Tram 04 - CM;308;T4 Clichy - Montfermeil;arrêt;3;3;5;0;0;;;0;1;0;9;0;;1;;1;48.9046560907, 2.55549003835
"{""type"": ""Point"", ""coordinates"": [2.382095171631103, 48.69084933964775]}";Juvisy-sur-Orge;312;Tram 07;312;T7 : Athis Mons - Juvisy (Phase 2);arrêt;3;3;4;1;1;2;;0;1;0;8;0;;1;;1;48.6908493396, 2.38209517163
"{""type"": ""Point"", ""coordinates"": [2.171625048503824, 48.71174283924636]}";Université Paris-Saclay;218;bus Massy - Saclay;218;TCSP Plateau de Saclay (Phase 2);arrêt;2;2;2;0;0;2;;0;1;0;9;0;;1;;1;48.7117428392, 2.1716250485
"{""type"": ""Point"", ""coordinates"": [2.196733592594622, 48.7150022989129]}";Palaiseau - Campus;218;bus Massy - Saclay;218;TCSP Plateau de Saclay (Phase 2);arrêt;2;2;2;0;0;2;;0;1;0;9;0;;1;;1;48.7150022989, 2.19673359259
"{""type"": ""Point"", ""coordinates"": [2.371820878843615, 48.71476652147824]}";Porte de l'Essonne;312;Tram 07;312;T7 : Athis Mons - Juvisy (Phase 2);arrêt;3;3;4;1;1;2;1;0;1;0;8;0;;1;;1;48.7147665215, 2.37182087884
"{""type"": ""Point"", ""coordinates"": [2.41736045987281, 48.9937227623415]}";Villiers-le-Bel - Gonesse - Arnouville;209;bus ligne 20;209;BHNS Gonesse;arrêt;2;2;2;1;1;;;1;0;0;9;0;;1;;1;48.9937227623, 2.41736045987
"{""type"": ""Point"", ""coordinates"": [1.999603609660236, 48.93948681080073]}";Villennes-sur-Seine;414;Train E - Ouest;414;RER E à l'Ouest - Mantes;arrêt;4;4;6;1;0;;;0;1;0;9;0;;1;;1;48.9394868108, 1.99960360966
"{""type"": ""Point"", ""coordinates"": [2.23956817121705, 48.89286497052018]}";La Défense;414;Train E - Ouest;414;RER E à l'Ouest - Mantes;arrêt;4;4;6;0;0;;;0;1;0;9;0;;1;;1;48.8928649705, 2.23956817122
"{""type"": ""Point"", ""coordinates"": [2.280026062741273, 48.70850079293166]}";Champlan;318;Tram 12;318;Tram-Train Massy-Évry;arrêt;3;3;5;1;0;;;1;0;0;8;0;;1;;1;48.7085007929, 2.28002606274
"{""type"": ""Point"", ""coordinates"": [2.546048852576142, 48.90842503476012]}";Le Chêne Pointu;308;Tram 04 - CM;308;T4 Clichy - Montfermeil;arrêt;3;3;5;0;0;;;0;1;0;9;0;;1;;1;48.9084250348, 2.54604885258
"{""type"": ""Point"", ""coordinates"": [2.224296060139083, 48.9178767731022]}";Parc Pierre Lagravère;302;Tram 01 - Colombes;302;T1 Ouest : Asnières - Colombes;arrêt;3;3;4;1;0;;;0;1;0;7;0;;1;;1;48.9178767731, 2.22429606014
"{""type"": ""Point"", ""coordinates"": [2.081743983863537, 48.91394945960638]}";Camp des Loges;319;Tram 13;319;Tangentielle Ouest (Phase 1);arrêt;3;3;5;0;0;1;;0;1;0;8;0;;1;;1;48.9139494596, 2.08174398386
"{""type"": ""Point"", ""coordinates"": [2.512341221036676, 48.91057574547152]}";Victor Hugo;244;TZen3;244;TZen3 : TCSP RN3;arrêt;2;2;3;0;0;;;1;0;0;7;0;;0;;1;48.9105757455, 2.51234122104
"{""type"": ""Point"", ""coordinates"": [2.546978765770109, 48.611636663596684]}";Cueillette;243;TZen2;243;TZen2 : TCSP Melun - Sénart;arrêt;2;2;3;0;0;;;1;0;0;7;0;;1;;1;48.6116366636, 2.54697876577
"{""type"": ""Point"", ""coordinates"": [2.5753497127231, 48.60081579893403]}";Le Parc;243;TZen2;243;TZen2 : TCSP Melun - Sénart;arrêt;2;2;3;0;0;;;1;0;0;7;0;;1;;1;48.6008157989, 2.57534971272
"{""type"": ""Point"", ""coordinates"": [2.660540340827732, 48.54252014032364]}";Charles de Gaulle;243;TZen2;243;TZen2 : TCSP Melun - Sénart;arrêt;2;2;3;0;0;;;1;0;0;7;0;;1;;1;48.5425201403, 2.66054034083
"{""type"": ""Point"", ""coordinates"": [2.659384943537677, 48.538347211828956]}";Saint Aspais;243;TZen2;243;TZen2 : TCSP Melun - Sénart;arrêt;2;2;3;0;0;;;1;0;0;7;0;;1;;1;48.5383472118, 2.65938494354
"{""type"": ""Point"", ""coordinates"": [2.660143989349919, 48.536126430860634]}";Ile Notre-Dame;243;TZen2;243;TZen2 : TCSP Melun - Sénart;arrêt;2;2;3;0;0;;;1;0;0;7;0;;1;;1;48.5361264309, 2.66014398935
"{""type"": ""Point"", ""coordinates"": [2.658555541879073, 48.5326000309053]}";Chapu;243;TZen2;243;TZen2 : TCSP Melun - Sénart;arrêt;2;2;3;0;0;;;1;0;0;7;0;;1;;1;48.5326000309, 2.65855554188
"{""type"": ""Point"", ""coordinates"": [2.655870473704003, 48.532000079714855]}";Thiers;243;TZen2;243;TZen2 : TCSP Melun - Sénart;arrêt;2;2;3;0;0;;;1;0;0;7;0;;1;;1;48.5320000797, 2.6558704737
"{""type"": ""Point"", ""coordinates"": [2.388235140336683, 48.79042859452315]}";Hôtel de Ville de Vitry;315;Tram 09;315;T9 : Tramway Paris - Orly;arrêt;3;3;4;1;0;1;;1;0;0;8;0;;1;;1;48.7904285945, 2.38823514034
"{""type"": ""Point"", ""coordinates"": [2.39383827034194, 48.78300538549812]}";Constant Coquelin;315;Tram 09;315;T9 : Tramway Paris - Orly;arrêt;3;3;4;0;0;1;;1;0;0;8;0;;1;;1;48.7830053855, 2.39383827034
"{""type"": ""Point"", ""coordinates"": [2.402860322191261, 48.76844235887696]}";Verdun-Hoche;315;Tram 09;315;T9 : Tramway Paris - Orly;arrêt;3;3;4;0;0;1;;1;0;0;8;0;;1;;1;48.7684423589, 2.40286032219
"{""type"": ""Point"", ""coordinates"": [2.411910061414505, 48.75454738744507]}";Four-Peary;315;Tram 09;315;T9 : Tramway Paris - Orly;arrêt;3;3;4;0;0;1;;1;0;0;8;0;;1;;1;48.7545473874, 2.41191006141
"{""type"": ""Point"", ""coordinates"": [2.365153605732492, 48.81944403813686]}";Porte de Choisy;315;Tram 09;315;T9 : Tramway Paris - Orly;arrêt;3;3;4;1;1;1;;1;0;0;8;0;;1;;1;48.8194440381, 2.36515360573
"{""type"": ""Point"", ""coordinates"": [2.334571818887043, 48.91311992275509]}";Mairie de Saint-Ouen;122;GPE - m14;122;GPE - ligne 14 - nord - phase 1 - Mairie de St-Ouen;arrêt;1;1;1;1;1;nord/1;;0;1;0;9;0;;0;;1;48.9131199228, 2.33457181889
"{""type"": ""Point"", ""coordinates"": [2.372839696785623, 48.74697870069377]}";Pont de Rungis;122;GPE - m14;122;GPE - ligne 14 - sud;arrêt;1;1;1;0;0;sud;;0;1;0;7;0;;0;;1;48.7469787007, 2.37283969679
"{""type"": ""Point"", ""coordinates"": [2.353782970451354, 48.77490149462789]}";Chevilly Trois Communes;122;GPE - m14;122;GPE - ligne 14 - sud;arrêt;1;1;1;0;0;sud;;0;1;0;7;0;;0;;1;48.7749014946, 2.35378297045
"{""type"": ""Point"", ""coordinates"": [2.302545820721408, 48.81120345742039]}";Châtillon - Montrouge;122;GPE - m15;122;GPE - ligne 15 - sud;arrêt;1;1;1;1;0;sud;;1;0;0;8;0;;0;;1;48.8112034574, 2.30254582072
"{""type"": ""Point"", ""coordinates"": [2.432803714558382, 48.78923473250423]}";Le Vert de Maisons;122;GPE - m15;122;GPE - ligne 15 - sud;arrêt;1;1;1;0;0;sud;;1;0;0;8;0;;0;;1;48.7892347325, 2.43280371456
"{""type"": ""Point"", ""coordinates"": [2.202055549953088, 48.871945843356656]}";Rueil-Suresnes Mont-Valérien;122;GPE - m15;122;GPE - ligne 15 - ouest - phase 1;arrêt;1;1;1;0;0;ouest/1;;1;0;0;7;0;;0;;1;48.8719458434, 2.20205554995
"{""type"": ""Point"", ""coordinates"": [2.239691674339324, 48.909623676735684]}";La Garenne Colombes;122;GPE - m16;122;GPE - ligne 16 - ouest;arrêt;1;1;1;0;0;hyp;;1;0;0;7;0;;0;;1;48.9096236767, 2.23969167434
"{""type"": ""Point"", ""coordinates"": [2.259759156575226, 48.92371890164836]}";Colombes;122;GPE - m16;122;GPE - ligne 16 - ouest;arrêt;1;1;1;0;0;hyp;;1;0;0;7;0;;0;;1;48.9237189016, 2.25975915658
"{""type"": ""Point"", ""coordinates"": [2.554792309946163, 48.904010463911376]}";Clichy-Montfermeil;122;GPE - m16;122;GPE - ligne 16;arrêt;1;1;1;0;0;;;1;0;0;7;0;;0;;1;48.9040104639, 2.55479230995
"{""type"": ""Point"", ""coordinates"": [2.384646333159376, 48.929086806784326]}";La Courneuve-Six Routes;122;GPE - m17;122;GPE - ligne 17 - phase 1;arrêt;1;1;1;1;0;1;;1;0;0;7;0;;0;;1;48.9290868068, 2.38464633316
"{""type"": ""Point"", ""coordinates"": [2.437244995822385, 48.947661637683844]}";Le Bourget Aéroport;122;GPE - m17;122;GPE - ligne 17 - phase 1;arrêt;1;1;1;0;0;1;;1;0;0;7;0;;0;;1;48.9476616377, 2.43724499582
"{""type"": ""Point"", ""coordinates"": [2.570942164850686, 49.004706543669116]}";Aéroport Charles de Gaulle T2;122;GPE - m17;122;GPE - ligne 17 - phase 1;arrêt;1;1;1;0;1;1;;1;0;0;7;0;;0;;1;49.0047065437, 2.57094216485
"{""type"": ""Point"", ""coordinates"": [1.700708477600503, 48.99298837343269]}";;214;bus Mantes la-Jolie;214;TCSP Mantes-la-Jolie/Gare du Mantois;arrêt;2;2;2;0;0;;;1;0;0;3;0;1899-12-30T00:00:00+00:00;0;;1;48.9929883734, 1.7007084776
"{""type"": ""Point"", ""coordinates"": [1.703484606104373, 48.98995821049735]}";;214;bus Mantes la-Jolie;214;TCSP Mantes-la-Jolie/Gare du Mantois;arrêt;2;2;2;1;0;;;1;0;0;3;0;1899-12-30T00:00:00+00:00;0;;1;48.9899582105, 1.7034846061
"{""type"": ""Point"", ""coordinates"": [2.294360376177931, 48.70214147255915]}";Longjumeau;318;Tram 12;318;Tram-Train Massy-Évry;arrêt;3;3;5;1;0;;;1;0;0;8;0;;1;;1;48.7021414726, 2.29436037618
"{""type"": ""Point"", ""coordinates"": [2.415448100577442, 48.62213379457593]}";Delouvrier;318;Tram 12;318;Tram-Train Massy-Évry;arrêt;3;3;5;1;0;;;1;0;0;8;0;;1;;1;48.6221337946, 2.41544810058
"{""type"": ""Point"", ""coordinates"": [2.335359426259654, 48.67063926645665]}";Epinay;318;Tram 12;318;Tram-Train Massy-Évry;arrêt;3;3;5;1;0;;;1;0;0;8;0;;1;;1;48.6706392665, 2.33535942626
"{""type"": ""Point"", ""coordinates"": [2.317449187923372, 48.80970399753328]}";Verdun Sud;102;metro 04;102;ligne 4 à Bagneux;arrêt;1;1;1;0;0;2;;0;1;0;9;0;;1;;1;48.8097039975, 2.31744918792
"{""type"": ""Point"", ""coordinates"": [2.232395169756268, 48.95025680161692]}";Val d'Argenteuil;317;Tram 11;317;Tangentielle Nord : Sartrouville - Epinay (Phase 2);arrêt;3;3;5;1;0;;;1;0;0;7;0;;1;;1;48.9502568016, 2.23239516976
"{""type"": ""Point"", ""coordinates"": [2.329368144322997, 48.95902826956559]}";Epinay-Villetaneuse;317;Tram 11;317;Tangentielle Nord : Epinay - Le Bourget (Phase 1);arrêt;3;3;5;1;0;;;1;0;0;9;0;;1;;1;48.9590282696, 2.32936814432
"{""type"": ""Point"", ""coordinates"": [2.428314221420967, 48.91567801506257]}";Drancy-Bobigny;317;Tram 11;317;Tangentielle Nord : Le Bourget - Noisy-Le-Sec (Phase 2);arrêt;3;3;5;1;0;;;1;0;0;7;0;;1;;1;48.9156780151, 2.42831422142
"{""type"": ""Point"", ""coordinates"": [2.441327984629524, 48.878411813358234]}";Collège Gustave Courbet;304;Tram 01 - VDF;304;T1 Est : Noisy-Le-Sec - Val de Fontenay;arrêt;3;3;4;0;0;;;0;1;0;8;0;;1;;1;48.8784118134, 2.44132798463
"{""type"": ""Point"", ""coordinates"": [2.453290247876753, 48.890440145435456]}";Place Jeanne d'Arc;304;Tram 01 - VDF;304;T1 Est : Noisy-Le-Sec - Val de Fontenay;arrêt;3;3;4;0;0;;1;0;1;0;8;0;;1;;1;48.8904401454, 2.45329024788
"{""type"": ""Point"", ""coordinates"": [2.075243088315694, 48.83648143157308]}";Bailly;319;Tram 13;319;Tangentielle Ouest (Phase 1);arrêt;3;3;5;0;0;1;;0;1;0;8;0;;1;;1;48.8364814316, 2.07524308832
"{""type"": ""Point"", ""coordinates"": [2.373850621093474, 48.65901888279668]}";Viry - Chatillon;318;Tram 12;318;Tram-Train Massy-Évry;arrêt;3;3;5;0;0;;;1;0;0;8;0;;1;;1;48.6590188828, 2.37385062109
"{""type"": ""Point"", ""coordinates"": [2.223738843023635, 48.89758664840728]}";Nanterre - La Folie;414;Train E - Ouest;414;RER E à l'Ouest - Mantes;arrêt;4;4;6;1;0;;;0;1;0;9;0;;1;;1;48.8975866484, 2.22373884302
"{""type"": ""Point"", ""coordinates"": [2.370928221500229, 48.692692908435305]}";Observatoire;312;Tram 07;312;T7 : Athis Mons - Juvisy (Phase 2);arrêt;3;3;4;0;0;2;;0;1;0;8;0;;1;;1;48.6926929084, 2.3709282215
"{""type"": ""Point"", ""coordinates"": [2.078604855828837, 48.81451674695852]}";Allée Royale de Villepreux;319;Tram 13;319;Tangentielle Ouest (Phase 1);arrêt;3;3;5;0;0;1;;0;1;0;8;0;;1;;1;48.814516747, 2.07860485583
"{""type"": ""Point"", ""coordinates"": [2.253374492116987, 48.786188369168464]}";Hôpital Béclère;316;Tram 10;316;T10 : Tramway Antony - Clamart;arrêt;3;3;4;1;0;;;1;0;0;7;0;;1;;1;48.7861883692, 2.25337449212
"{""type"": ""Point"", ""coordinates"": [2.253265651462389, 48.78312891642051]}";Edouard Herriot;316;Tram 10;316;T10 : Tramway Antony - Clamart;arrêt;3;3;4;0;0;;;1;0;0;7;0;;1;;1;48.7831289164, 2.25326565146
"{""type"": ""Point"", ""coordinates"": [2.259692733398718, 48.76552647712183]}";Cinéma Rex;316;Tram 10;316;T10 : Tramway Antony - Clamart;arrêt;3;3;4;0;0;;;1;0;0;7;0;;1;;1;48.7655264771, 2.2596927334
"{""type"": ""Point"", ""coordinates"": [2.304537337829181, 48.76289318166747]}";La Croix de Berny;316;Tram 10;316;T10 : Tramway Antony - Clamart;arrêt;3;3;4;1;1;;;1;0;0;7;0;;1;;1;48.7628931817, 2.30453733783
"{""type"": ""Point"", ""coordinates"": [2.524000418550887, 48.906596179986636]}";République - Marx Dormoy;308;Tram 04 - CM;308;T4 Clichy - Montfermeil;arrêt;3;3;5;0;0;;;0;1;0;9;0;;1;;1;48.90659618, 2.52400041855
"{""type"": ""Point"", ""coordinates"": [2.560099037918603, 48.899376209288015]}";Daniel Perdrigé;308;Tram 04 - CM;308;T4 Clichy - Montfermeil;arrêt;3;3;5;0;0;;;0;1;0;9;0;;1;;1;48.8993762093, 2.56009903792
"{""type"": ""Point"", ""coordinates"": [2.239606895475779, 48.92489149934718]}";Ile Marante;302;Tram 01 - Colombes;302;T1 Ouest : Asnières - Colombes;arrêt;3;3;4;0;0;;;0;1;0;7;0;;1;;1;48.9248914993, 2.23960689548
"{""type"": ""Point"", ""coordinates"": [2.416479643681515, 48.87976125309793]}";Mairie des Lilas;110;metro 11 - RBP;110;ligne 11 à Rosny-Bois-Perrier;arrêt;1;1;1;1;1;;;0;1;0;9;0;;1;;1;48.8797612531, 2.41647964368
"{""type"": ""Point"", ""coordinates"": [2.162721090983371, 48.71119378813012]}";Joliot-Curie;218;bus Massy - Saclay;218;TCSP Plateau de Saclay (Phase 2);arrêt;2;2;2;0;0;2;;0;1;0;9;0;;1;;1;48.7111937881, 2.16272109098
"{""type"": ""Point"", ""coordinates"": [1.848348808282502, 48.97214167690781]}";Aubergenville - Elisabethville;414;Train E - Ouest;414;RER E à l'Ouest - Mantes;arrêt;4;4;6;1;0;;;0;1;0;9;0;;1;;1;48.9721416769, 1.84834880828
"{""type"": ""Point"", ""coordinates"": [2.347202485314253, 48.67059268855164]}";Savigny;318;Tram 12;318;Tram-Train Massy-Évry;arrêt;3;3;5;0;0;;;1;0;0;8;0;;1;;1;48.6705926886, 2.34720248531
"{""type"": ""Point"", ""coordinates"": [2.249687391881762, 48.76935208772377]}";11 Novembre;316;Tram 10;316;T10 : Tramway Antony - Clamart;arrêt;3;3;4;0;0;;;1;0;0;7;0;;1;;1;48.7693520877, 2.24968739188
"{""type"": ""Point"", ""coordinates"": [2.440005326294889, 48.89817368537969]}";La Folie;244;TZen3;244;TZen3 : TCSP RN3;arrêt;2;2;3;0;0;;;1;0;0;7;0;;0;;1;48.8981736854, 2.44000532629
"{""type"": ""Point"", ""coordinates"": [2.39579244180618, 48.88932991202058]}";Porte de Pantin;244;TZen3;244;TZen3 : TCSP RN3;arrêt;2;2;3;1;1;;;1;0;0;7;0;;0;;1;48.889329912, 2.39579244181
"{""type"": ""Point"", ""coordinates"": [2.516831522187594, 48.90870284507692]}";Gargan;244;TZen3;244;TZen3 : TCSP RN3;arrêt;2;2;3;1;1;;;1;0;0;7;0;;0;;1;48.9087028451, 2.51683152219
"{""type"": ""Point"", ""coordinates"": [2.425763032866559, 48.89556261431262]}";Raymond Queneau;244;TZen3;244;TZen3 : TCSP RN3;arrêt;2;2;3;1;0;;;1;0;0;7;0;;0;;1;48.8955626143, 2.42576303287
"{""type"": ""Point"", ""coordinates"": [2.481103459704456, 48.90603026740576]}";Polissard;244;TZen3;244;TZen3 : TCSP RN3;arrêt;2;2;3;0;0;;;1;0;0;7;0;;0;;1;48.9060302674, 2.4811034597
"{""type"": ""Point"", ""coordinates"": [2.507319050675933, 48.90984213603167]}";Les Archers;244;TZen3;244;TZen3 : TCSP RN3;arrêt;2;2;3;0;0;;;1;0;0;7;0;;0;;1;48.909842136, 2.50731905068
"{""type"": ""Point"", ""coordinates"": [2.431992999335661, 48.89666103878158]}";Commune de Paris;244;TZen3;244;TZen3 : TCSP RN3;arrêt;2;2;3;0;0;;;1;0;0;7;0;;0;;1;48.8966610388, 2.43199299934
"{""type"": ""Point"", ""coordinates"": [2.463633195954915, 48.90264006846968]}";Territoires de l'Ourcq;244;TZen3;244;TZen3 : TCSP RN3;arrêt;2;2;3;0;0;;;1;0;0;7;0;;0;;1;48.9026400685, 2.46363319595
"{""type"": ""Point"", ""coordinates"": [2.501194736625862, 48.908961087955845]}";Schmitt;244;TZen3;244;TZen3 : TCSP RN3;arrêt;2;2;3;0;0;;;1;0;0;7;0;;0;;1;48.908961088, 2.50119473663
"{""type"": ""Point"", ""coordinates"": [2.577409173933251, 48.596094931316614]}";Les Lycées;243;TZen2;243;TZen2 : TCSP Melun - Sénart;arrêt;2;2;3;0;0;;;1;0;0;7;0;;1;;1;48.5960949313, 2.57740917393
"{""type"": ""Point"", ""coordinates"": [2.582741812177059, 48.595256413533946]}";Place du 19 mai 1982;243;TZen2;243;TZen2 : TCSP Melun - Sénart;arrêt;2;2;3;0;0;;;1;0;0;7;0;;1;;1;48.5952564135, 2.58274181218
"{""type"": ""Point"", ""coordinates"": [2.658487298559863, 48.53679910276911]}";Ile Praslin;243;TZen2;243;TZen2 : TCSP Melun - Sénart;arrêt;2;2;3;0;0;;;1;0;0;7;0;;1;;1;48.5367991028, 2.65848729856
"{""type"": ""Point"", ""coordinates"": [2.66191748993914, 48.55112974844417]}";Voisenon;243;TZen2;243;TZen2 : TCSP Melun - Sénart;arrêt;2;2;3;0;0;;;1;0;0;7;0;;1;;1;48.5511297484, 2.66191748994
"{""type"": ""Point"", ""coordinates"": [2.370573515705496, 48.81261035906348]}";Pierre et Marie Curie;315;Tram 09;315;T9 : Tramway Paris - Orly;arrêt;3;3;4;0;0;1;;1;0;0;8;0;;1;;1;48.8126103591, 2.37057351571
"{""type"": ""Point"", ""coordinates"": [2.377900292051549, 48.80320645689224]}";Germaine Tailleferre;315;Tram 09;315;T9 : Tramway Paris - Orly;arrêt;3;3;4;0;0;1;;1;0;0;8;0;;1;;1;48.8032064569, 2.37790029205
"{""type"": ""Point"", ""coordinates"": [2.391991455496114, 48.78567213510768]}";Camille Groult;315;Tram 09;315;T9 : Tramway Paris - Orly;arrêt;3;3;4;0;0;1;;1;0;0;8;0;;1;;1;48.7856721351, 2.3919914555
"{""type"": ""Point"", ""coordinates"": [2.396254896670942, 48.778650459315365]}";Plâtrières;315;Tram 09;315;T9 : Tramway Paris - Orly;arrêt;3;3;4;0;0;1;;1;0;0;8;0;;1;;1;48.7786504593, 2.39625489667
"{""type"": ""Point"", ""coordinates"": [2.408878704686086, 48.75920078773303]}";Carle-Darthe;315;Tram 09;315;T9 : Tramway Paris - Orly;arrêt;3;3;4;0;0;1;;1;0;0;8;0;;1;;1;48.7592007877, 2.40887870469
"{""type"": ""Point"", ""coordinates"": [2.416310684115669, 48.74696412165688]}";Les Saules;315;Tram 09;315;T9 : Tramway Paris - Orly;arrêt;3;3;4;1;0;1;;1;0;0;8;0;;1;;1;48.7469641217, 2.41631068412
"{""type"": ""Point"", ""coordinates"": [2.408689364080066, 48.745049694162574]}";Fer à Cheval;315;Tram 09;315;T9 : Tramway Paris - Orly;arrêt;3;3;4;0;1;1;;1;0;0;8;0;;1;;1;48.7450496942, 2.40868936408
"{""type"": ""Point"", ""coordinates"": [2.31759469301357, 48.685527292110145]}";Gravigny-Balizy;318;Tram 12;318;Tram-Train Massy-Évry;arrêt;3;3;5;1;0;;;1;0;0;8;0;;1;;1;48.6855272921, 2.31759469301
"{""type"": ""Point"", ""coordinates"": [2.383529873168741, 48.6893446423853]}";Juvisy-sur-Orge;908;pôle de Juvisy-sur-Orge;;pôle de Juvisy-sur-Orge;pôle multimodal;9;9;9;0;0;;;0;0;0;9;0;1899-12-30T00:00:00+00:00;0;;1;48.6893446424, 2.38352987317
"{""type"": ""Point"", ""coordinates"": [2.334571818887043, 48.91311992275509]}";Mairie de Saint-Ouen;122;GPE - m14;122;GPE - ligne 14 - nord - phase 2;arrêt;1;1;1;1;1;nord/2;;0;1;0;7;0;;0;;1;48.9131199228, 2.33457181889
"{""type"": ""Point"", ""coordinates"": [2.272092852283256, 48.91480511004041]}";Bois-Colombes;122;GPE - m15;122;GPE - ligne 15 - ouest - phase 2;arrêt;1;1;1;0;0;ouest/2;;1;0;0;7;0;;0;;1;48.91480511, 2.27209285228
"{""type"": ""Point"", ""coordinates"": [2.216799745279937, 48.84369410203785]}";Saint-Cloud;122;GPE - m15;122;GPE - ligne 15 - ouest - phase 1;arrêt;1;1;1;0;0;ouest/1;;1;0;0;7;0;;0;;1;48.843694102, 2.21679974528
"{""type"": ""Point"", ""coordinates"": [2.44993626844462, 48.79558486329644]}";Créteil l'Echat;122;GPE - m15;122;GPE - ligne 15 - sud;arrêt;1;1;1;1;0;sud;;1;0;0;8;0;;0;;1;48.7955848633, 2.44993626844
"{""type"": ""Point"", ""coordinates"": [2.34936523945399, 48.7930549126736]}";Villejuif Institut Gustave Roussy;122;GPE - m15;122;GPE - ligne 15 - sud;arrêt;1;1;1;1;0;sud;;1;0;0;8;0;;0;;1;48.7930549127, 2.34936523945
"{""type"": ""Point"", ""coordinates"": [2.199989654929561, 48.887419805132936]}";Nanterre - La Boule;122;GPE - m15;122;GPE - ligne 15 - ouest - phase 1;arrêt;1;1;1;1;0;ouest/1;;1;0;0;7;0;;0;;1;48.8874198051, 2.19998965493
"{""type"": ""Point"", ""coordinates"": [2.580803556290872, 48.84345646911863]}";Noisy-Champs;122;GPE - m15;122;GPE - ligne 15 - sud;arrêt;1;1;1;1;1;sud;;1;0;0;8;0;;0;;1;48.8434564691, 2.58080355629
"{""type"": ""Point"", ""coordinates"": [2.525523405242637, 48.947466770828825]}";Sevran-Beaudottes;122;GPE - m16;122;GPE - ligne 16;arrêt;1;1;1;0;0;;;1;0;0;7;0;;0;;1;48.9474667708, 2.52552340524
"{""type"": ""Point"", ""coordinates"": [2.535045144256717, 48.93563188189206]}";Sevran-Livry;122;GPE - m16;122;GPE - ligne 16;arrêt;1;1;1;0;0;;;1;0;0;7;0;;0;;1;48.9356318819, 2.53504514426
"{""type"": ""Point"", ""coordinates"": [2.461584647848316, 48.94599327782589]}";Le Blanc-Mesnil;122;GPE - m16;122;GPE - ligne 16;arrêt;1;1;1;0;0;;;1;0;0;7;0;;0;;1;48.9459932778, 2.46158464785
"{""type"": ""Point"", ""coordinates"": [2.346577368641346, 48.91746710608594]}";Saint-Denis Pleyel;122;GPE - m16;122;GPE - ligne 16;arrêt;1;1;1;1;1;;;1;0;0;7;0;;0;;1;48.9174671061, 2.34657736864
"{""type"": ""Point"", ""coordinates"": [2.422886384674352, 48.93077101888981]}";Le Bourget RER;122;GPE - m17;122;GPE - ligne 17 - phase 1;arrêt;1;1;1;1;0;1;;1;0;0;7;0;;0;;1;48.9307710189, 2.42288638467
"{""type"": ""Point"", ""coordinates"": [2.225381150647627, 48.89788792079952]}";Nanterre - La Folie;122;GPE - m15;122;GPE - ligne 15 - ouest - phase 2;arrêt;1;1;1;0;1;ouest/2;;1;0;0;7;0;;0;;1;48.8978879208, 2.22538115065
"{""type"": ""Point"", ""coordinates"": [1.689769866786664, 48.996047204373134]}";;214;bus Mantes la-Jolie;214;TCSP Mantes-la-Jolie/Gare du Mantois;arrêt;2;2;2;0;0;;;1;0;0;3;0;1899-12-30T00:00:00+00:00;0;;1;48.9960472044, 1.68976986679
"{""type"": ""Point"", ""coordinates"": [1.646594700858967, 49.000058046492896]}";;214;bus Mantes la-Jolie;214;TCSP Mantes-la-Jolie/Gare du Mantois;arrêt;2;2;2;1;0;;;1;0;0;3;0;1899-12-30T00:00:00+00:00;0;;1;49.0000580465, 1.64659470086
"{""type"": ""Point"", ""coordinates"": [2.380735606395095, 48.9137105455496]}";Mairie d'Aubervilliers;111;metro 12;111;ligne 12 à Mairie d'Aubervilliers;arrêt;1;1;1;1;1;;;0;1;0;9;0;;1;;1;48.9137105455, 2.3807356064
"{""type"": ""Point"", ""coordinates"": [2.194383737575739, 48.939957069620036]}";Val Notre-Dame;317;Tram 11;317;Tangentielle Nord : Sartrouville - Epinay (Phase 2);arrêt;3;3;5;0;0;;;1;0;0;7;0;;1;;1;48.9399570696, 2.19438373758
"{""type"": ""Point"", ""coordinates"": [2.257923162886201, 48.9490548785931]}";Argenteuil GC;317;Tram 11;317;Tangentielle Nord : Sartrouville - Epinay (Phase 2);arrêt;3;3;5;1;0;;;1;0;0;7;0;;1;;1;48.9490548786, 2.25792316289
"{""type"": ""Point"", ""coordinates"": [2.423283587938891, 48.93018294118861]}";Le Bourget;317;Tram 11;317;Tangentielle Nord : Epinay - Le Bourget (Phase 1);arrêt;3;3;5;1;1;;;1;0;0;9;0;;1;;1;48.9301829412, 2.42328358794
"{""type"": ""Point"", ""coordinates"": [2.481912892726975, 48.8614260355518]}";Victor Hugo;304;Tram 01 - VDF;304;T1 Est : Noisy-Le-Sec - Val de Fontenay;arrêt;3;3;4;0;0;;;0;1;0;8;0;;1;;1;48.8614260356, 2.48191289273
"{""type"": ""Point"", ""coordinates"": [2.466843819798528, 48.86317722326286]}";Théophile Sueur;304;Tram 01 - VDF;304;T1 Est : Noisy-Le-Sec - Val de Fontenay;arrêt;3;3;4;0;0;;;0;1;0;8;0;;1;;1;48.8631772233, 2.4668438198
"{""type"": ""Point"", ""coordinates"": [2.452065118695391, 48.870818354802886]}";Aristide Briand;304;Tram 01 - VDF;304;T1 Est : Noisy-Le-Sec - Val de Fontenay;arrêt;3;3;4;0;0;;;0;1;0;8;0;;1;;1;48.8708183548, 2.4520651187
"{""type"": ""Point"", ""coordinates"": [2.443108996306995, 48.87561499382391]}";Libre Pensée;304;Tram 01 - VDF;304;T1 Est : Noisy-Le-Sec - Val de Fontenay;arrêt;3;3;4;0;0;;;0;1;0;8;0;;1;;1;48.8756149938, 2.44310899631
"{""type"": ""Point"", ""coordinates"": [2.444630802037168, 48.88583251081036]}";Carrefour de la Vierge;304;Tram 01 - VDF;304;T1 Est : Noisy-Le-Sec - Val de Fontenay;arrêt;3;3;4;0;0;;1;0;1;0;8;0;;1;;1;48.8858325108, 2.44463080204
"{""type"": ""Point"", ""coordinates"": [2.282976188020842, 48.87793268655634]}";Porte Maillot;414;Train E - Ouest;414;RER E à l'Ouest - Mantes;arrêt;4;4;6;1;0;;;0;1;0;9;0;;1;;1;48.8779326866, 2.28297618802
"{""type"": ""Point"", ""coordinates"": [2.427185577733917, 48.8813160622343]}";Liberté;110;metro 11 - RBP;110;ligne 11 à Rosny-Bois-Perrier;arrêt;1;1;1;0;0;;;0;1;0;9;0;;1;;1;48.8813160622, 2.42718557773
"{""type"": ""Point"", ""coordinates"": [2.371378701206531, 48.709063467988685]}";Le Contin;312;Tram 07;312;T7 : Athis Mons - Juvisy (Phase 2);arrêt;3;3;4;0;0;2;;0;1;0;8;0;;1;;1;48.709063468, 2.37137870121
"{""type"": ""Point"", ""coordinates"": [2.371577488383517, 48.70499970985844]}";Stade Delaune;312;Tram 07;312;T7 : Athis Mons - Juvisy (Phase 2);arrêt;3;3;4;0;0;2;;0;1;0;8;0;;1;;1;48.7049997099, 2.37157748838
"{""type"": ""Point"", ""coordinates"": [2.27482689725633, 48.92733882715297]}";Quatre Routes;302;Tram 01 - Colombes;302;T1 Ouest : Asnières - Colombes;arrêt;3;3;4;0;0;;;0;1;0;7;0;;1;;1;48.9273388272, 2.27482689726
"{""type"": ""Point"", ""coordinates"": [2.291497216450484, 48.761306007894746]}";Grenouillère;316;Tram 10;316;T10 : Tramway Antony - Clamart;arrêt;3;3;4;0;0;;;1;0;0;7;0;;1;;1;48.7613060079, 2.29149721645
"{""type"": ""Point"", ""coordinates"": [2.540303426043922, 48.90850673160616]}";Maurice Audin;308;Tram 04 - CM;308;T4 Clichy - Montfermeil;arrêt;3;3;5;0;0;;;0;1;0;9;0;;1;;1;48.9085067316, 2.54030342604
"{""type"": ""Point"", ""coordinates"": [2.561346901650869, 48.897834526199105]}";Parc Jean Valjean;308;Tram 04 - CM;308;T4 Clichy - Montfermeil;arrêt;3;3;5;0;0;;;0;1;0;9;0;;1;;1;48.8978345262, 2.56134690165
"{""type"": ""Point"", ""coordinates"": [2.555984686567398, 48.900809940412]}";Notre Dame des Anges;308;Tram 04 - CM;308;T4 Clichy - Montfermeil;arrêt;3;3;5;0;0;;;0;1;0;9;0;;1;;1;48.9008099404, 2.55598468657
"{""type"": ""Point"", ""coordinates"": [2.168030016785889, 48.711839995144565]}";Moulon;218;bus Massy - Saclay;218;TCSP Plateau de Saclay (Phase 2);arrêt;2;2;2;0;0;2;;0;1;0;9;0;;1;;1;48.7118399951, 2.16803001679
"{""type"": ""Point"", ""coordinates"": [2.191037101141745, 48.71340492187184]}";Corbeville;218;bus Massy - Saclay;218;TCSP Plateau de Saclay (Phase 2);arrêt;2;2;2;0;0;2;;0;1;0;9;0;;1;;1;48.7134049219, 2.19103710114
"{""type"": ""Point"", ""coordinates"": [2.272637936363906, 48.72343303545508]}";ZAC de la bonde;318;Tram 12;318;Tram-Train Massy-Évry;arrêt;3;3;5;0;0;;;1;0;0;8;0;;1;;1;48.7234330355, 2.27263793636
"{""type"": ""Point"", ""coordinates"": [2.465471746757163, 48.87799338768987]}";La Boissière;110;metro 11 - RBP;110;ligne 11 à Rosny-Bois-Perrier;arrêt;1;1;1;0;0;;;0;1;0;9;0;;1;;1;48.8779933877, 2.46547174676
"{""type"": ""Point"", ""coordinates"": [2.456502275743523, 48.893013368435035]}";Saint Jean;304;Tram 01 - VDF;304;T1 Est : Noisy-Le-Sec - Val de Fontenay;arrêt;3;3;4;0;0;;1;0;1;0;8;0;;1;;1;48.8930133684, 2.45650227574
"{""type"": ""Point"", ""coordinates"": [2.23388265531379, 48.92262290500084]}";Charles Péguy;302;Tram 01 - Colombes;302;T1 Ouest : Asnières - Colombes;arrêt;3;3;4;0;0;;;0;1;0;7;0;;1;;1;48.922622905, 2.23388265531
"{""type"": ""Point"", ""coordinates"": [1.809094508773784, 48.96334411275807]}";Epône Mézières;414;Train E - Ouest;414;RER E à l'Ouest - Mantes;arrêt;4;4;6;1;0;;;0;1;0;9;0;;1;;1;48.9633441128, 1.80909450877
"{""type"": ""Point"", ""coordinates"": [1.91353050809466, 48.99259195475149]}";Les Mureaux;414;Train E - Ouest;414;RER E à l'Ouest - Mantes;arrêt;4;4;6;1;0;;;0;1;0;9;0;;1;;1;48.9925919548, 1.91353050809
"{""type"": ""Point"", ""coordinates"": [2.472074935614311, 48.90448678260086]}";Pont de Bondy;244;TZen3;244;TZen3 : TCSP RN3;arrêt;2;2;3;1;0;;;1;0;0;7;0;;0;;1;48.9044867826, 2.47207493561
"{""type"": ""Point"", ""coordinates"": [2.42004919466707, 48.89454890760493]}";Ernest Renan;244;TZen3;244;TZen3 : TCSP RN3;arrêt;2;2;3;0;0;;;1;0;0;7;0;;0;;1;48.8945489076, 2.42004919467
"{""type"": ""Point"", ""coordinates"": [2.409644519784259, 48.89244639554221]}";Delizy;244;TZen3;244;TZen3 : TCSP RN3;arrêt;2;2;3;0;0;;;1;0;0;7;0;;0;;1;48.8924463955, 2.40964451978
"{""type"": ""Point"", ""coordinates"": [2.544563643486854, 48.61548368473375]}";Carré Trait d'Union;243;TZen2;243;TZen2 : TCSP Melun - Sénart;arrêt;2;2;3;1;1;;;1;0;0;7;0;;1;;1;48.6154836847, 2.54456364349
"{""type"": ""Point"", ""coordinates"": [2.604433534380405, 48.58468908946839]}";Maisonnement;243;TZen2;243;TZen2 : TCSP Melun - Sénart;arrêt;2;2;3;0;0;;;1;0;0;7;0;;1;;1;48.5846890895, 2.60443353438
"{""type"": ""Point"", ""coordinates"": [2.601065007658997, 48.57390530166021]}";Coulée verte;243;TZen2;243;TZen2 : TCSP Melun - Sénart;arrêt;2;2;3;0;0;;;1;0;0;7;0;;1;;1;48.5739053017, 2.60106500766
"{""type"": ""Point"", ""coordinates"": [2.621284234056607, 48.57228083877827]}";Haies fleuries;243;TZen2;243;TZen2 : TCSP Melun - Sénart;arrêt;2;2;3;0;0;;;1;0;0;7;0;;1;;1;48.5722808388, 2.62128423406
"{""type"": ""Point"", ""coordinates"": [2.646738310367105, 48.55305329271006]}";Beauregard;243;TZen2;243;TZen2 : TCSP Melun - Sénart;arrêt;2;2;3;0;0;;;1;0;0;7;0;;1;;1;48.5530532927, 2.64673831037
"{""type"": ""Point"", ""coordinates"": [2.386206654643861, 48.792891569307116]}";Musée Mac/Val;315;Tram 09;315;T9 : Tramway Paris - Orly;arrêt;3;3;4;0;0;1;;1;0;0;8;0;;1;;1;48.7928915693, 2.38620665464
"{""type"": ""Point"", ""coordinates"": [2.472622351872705, 48.98260414697402]}";Triangle de Gonesse;209;bus ligne 20;209;BHNS Gonesse;arrêt;2;2;2;0;0;;;1;0;0;9;0;;1;;1;48.982604147, 2.47262235187
"{""type"": ""Point"", ""coordinates"": [2.431757987726843, 48.9916216068177]}";Grande Vallée;209;bus ligne 20;209;BHNS Gonesse;arrêt;2;2;2;0;0;;;1;0;0;9;0;;1;;1;48.9916216068, 2.43175798773
"{""type"": ""Point"", ""coordinates"": [2.45105693249476, 48.993315819997875]}";Gonesse-Hôpital;209;bus ligne 20;209;BHNS Gonesse;arrêt;2;2;2;0;0;;;1;0;0;9;0;;1;;1;48.99331582, 2.45105693249
"{""type"": ""Point"", ""coordinates"": [2.333319487111158, 48.67627612432738]}";Petit Vaux;318;Tram 12;318;Tram-Train Massy-Évry;arrêt;3;3;5;1;0;;;1;0;0;8;0;;1;;1;48.6762761243, 2.33331948711
"{""type"": ""Point"", ""coordinates"": [2.365973884353272, 48.9065790566868]}";Front Populaire;111;metro 12;111;ligne 12 à Mairie d'Aubervilliers;arrêt;1;1;1;0;1;;;0;1;0;9;0;;1;;1;48.9065790567, 2.36597388435
"{""type"": ""Point"", ""coordinates"": [2.136113470872989, 48.795263616986766]}";Versailles Chantiers;905;pôle de Versailles Chantiers;;pôle de Versailles Chantiers;pôle multimodal;9;9;9;0;0;;;0;0;0;9;0;1899-12-30T00:00:00+00:00;0;;1;48.795263617, 2.13611347087
"{""type"": ""Point"", ""coordinates"": [2.312791961501292, 48.894980810725315]}";Porte de Clichy;122;GPE - m14;122;GPE - ligne 14 - nord - phase 1 - Mairie de St-Ouen;arrêt;1;1;1;1;0;nord/1;;0;1;0;9;0;;0;;1;48.8949808107, 2.3127919615
"{""type"": ""Point"", ""coordinates"": [2.267186982538872, 48.90527300328329]}";Bécon-les-Bruyères;122;GPE - m15;122;GPE - ligne 15 - ouest - phase 2;arrêt;1;1;1;1;0;ouest/2;;1;0;0;7;0;;0;;1;48.9052730033, 2.26718698254
"{""type"": ""Point"", ""coordinates"": [2.259703402765518, 48.821103539896825]}";Issy RER;122;GPE - m15;122;GPE - ligne 15 - sud;arrêt;1;1;1;1;0;sud;;1;0;0;8;0;;0;;1;48.8211035399, 2.25970340277
"{""type"": ""Point"", ""coordinates"": [2.313910605202605, 48.921127972330986]}";Les Grésillons;122;GPE - m15;122;GPE - ligne 15 - ouest - phase 2;arrêt;1;1;1;1;0;ouest/2;;1;0;0;7;0;;0;;1;48.9211279723, 2.3139106052
"{""type"": ""Point"", ""coordinates"": [2.472705082393741, 48.806791475686424]}";Saint-Maur - Créteil;122;GPE - m15;122;GPE - ligne 15 - sud;arrêt;1;1;1;1;0;sud;;1;0;0;8;0;;0;;1;48.8067914757, 2.47270508239
"{""type"": ""Point"", ""coordinates"": [2.287919698107164, 48.92243865754812]}";Les Agnettes;122;GPE - m15;122;GPE - ligne 15 - ouest - phase 2;arrêt;1;1;1;1;0;ouest/2;;1;0;0;7;0;;0;;1;48.9224386575, 2.28791969811
"{""type"": ""Point"", ""coordinates"": [2.32835256184638, 48.79746668039917]}";Arcueil-Cachan;122;GPE - m15;122;GPE - ligne 15 - sud;arrêt;1;1;1;1;0;sud;;1;0;0;8;0;;0;;1;48.7974666804, 2.32835256185
"{""type"": ""Point"", ""coordinates"": [2.318679120665014, 48.80275710403365]}";Bagneux M4;122;GPE - m15;122;GPE - ligne 15 - sud;arrêt;1;1;1;1;0;sud;;1;0;0;8;0;;0;;1;48.802757104, 2.31867912067
"{""type"": ""Point"", ""coordinates"": [2.367221497620697, 48.78846490246399]}";Villejuif Louis Aragon;122;GPE - m15;122;GPE - ligne 15 - sud;arrêt;1;1;1;1;0;sud;;1;0;0;8;0;;0;;1;48.7884649025, 2.36722149762
"{""type"": ""Point"", ""coordinates"": [2.408869412203814, 48.782304003136076]}";Les Ardoines;122;GPE - m15;122;GPE - ligne 15 - sud;arrêt;1;1;1;0;0;sud;;1;0;0;8;0;;0;;1;48.7823040031, 2.4088694122
"{""type"": ""Point"", ""coordinates"": [2.502220893334878, 48.816169250746356]}";Champigny Centre;122;GPE - m15;122;GPE - ligne 15 - sud;arrêt;1;1;1;0;1;sud;;1;0;0;8;0;;0;;1;48.8161692507, 2.50222089333
"{""type"": ""Point"", ""coordinates"": [2.225381150647627, 48.89788792079952]}";Nanterre - La Folie;122;GPE - m15;122;GPE - ligne 15 - ouest - phase 1;arrêt;1;1;1;0;1;ouest/1;;1;0;0;7;0;;0;;1;48.8978879208, 2.22538115065
"{""type"": ""Point"", ""coordinates"": [2.422886830841271, 48.930769678407266]}";Le Bourget RER;122;GPE - m16;122;GPE - ligne 16;arrêt;1;1;1;1;0;;;1;0;0;7;0;;0;;1;48.9307696784, 2.42288683084
"{""type"": ""Point"", ""coordinates"": [2.487856648055403, 48.951837741072644]}";Aulnay;122;GPE - m16;122;GPE - ligne 16;arrêt;1;1;1;0;0;;;1;0;0;7;0;;0;;1;48.9518377411, 2.48785664806
"{""type"": ""Point"", ""coordinates"": [2.346577368641346, 48.91746710608594]}";Saint-Denis Pleyel;122;GPE - m17;122;GPE - ligne 17 - phase 1;arrêt;1;1;1;1;1;1;;1;0;0;7;0;;0;;1;48.9174671061, 2.34657736864
"{""type"": ""Point"", ""coordinates"": [2.477479064206721, 48.97893488554907]}";Triangle de Gonesse;122;GPE - m17;122;GPE - ligne 17 - phase 1;arrêt;1;1;1;1;0;1;;1;0;0;7;0;;0;;1;48.9789348855, 2.47747906421
"{""type"": ""Point"", ""coordinates"": [2.514444379860927, 48.973519574487604]}";Parc des expositions;122;GPE - m17;122;GPE - ligne 17 - phase 1;arrêt;1;1;1;0;0;1;;1;0;0;7;0;;0;;1;48.9735195745, 2.51444437986
"{""type"": ""Point"", ""coordinates"": [2.477479064206721, 48.97893488554907]}";Triangle de Gonesse;122;GPE - m17;122;GPE - ligne 17 - phase 1;arrêt;1;1;1;1;1;1;;1;0;0;7;0;;0;;1;48.9789348855, 2.47747906421
"{""type"": ""Point"", ""coordinates"": [1.686957320596896, 48.99923104907819]}";;214;bus Mantes la-Jolie;214;TCSP Mantes-la-Jolie/Gare du Mantois;arrêt;2;2;2;0;0;;;1;0;0;3;0;1899-12-30T00:00:00+00:00;0;;1;48.9992310491, 1.6869573206
